Name,Team,10-22,
Josh Allen,BUF,38,
Patrick Mahomes II,KC,36,
Justin Herbert,LAC,33,
Lamar Jackson,BAL,33,
Joe Burrow,CIN,31,
Jalen Hurts,PHI,30,
Kyler Murray,ARI,27,
Dak Prescott,DAL,25,
Deshaun Watson,CLE,24,
Trevor Lawrence,JAC,23,
Russell Wilson,DEN,21,
Tua Tagovailoa,MIA,18,
Justin Fields,CHI,18,
Trey Lance,SF,18,
Derek Carr,LV,15,
Aaron Rodgers,GB,15,
Matthew Stafford,LAR,14,
Kirk Cousins,MIN,12,
Mac Jones,NE,11,
Zach Wilson,NYJ,9,
Jared Goff,DET,9,
Kenny Pickett,PIT,7,
Tom Brady,TB,6,
Ryan Tannehill,TEN,6,
Carson Wentz,WAS,6,
Jameis Winston,NO,6,
Malik Willis,TEN,5,
Daniel Jones,NYG,5,
Matt Ryan,IND,5,
Desmond Ridder,ATL,4,
Baker Mayfield,CAR,4,
Marcus Mariota,ATL,3,
Davis Mills,HOU,3,
Jimmy Garoppolo,SF,2,
Mitch Trubisky,PIT,2,
Geno Smith,SEA,2,
Matt Corral,CAR,1,
Sam Howell,WAS,1,
Jacoby Brissett,CLE,1,
Sam Darnold,CAR,1,
Teddy Bridgewater,MIA,1,
Tyler Huntley,BAL,1,
Bailey Zappe,NE,1,
Saquon Barkley,NYG,73,
Christian McCaffrey,SF,70,
Jonathan Taylor,IND,70,
Kenneth Walker III,SEA,69,
Breece Hall,NYJ,64,
Travis Etienne Jr.,JAC,62,
D'Andre Swift,DET,62,
Nick Chubb,CLE,61,
Austin Ekeler,LAC,60,
Javonte Williams,DEN,55,
Dameon Pierce,HOU,48,
Najee Harris,PIT,48,
Rhamondre Stevenson,NE,48,
Alvin Kamara,NO,47,
Joe Mixon,CIN,47,
Derrick Henry,TEN,47,
Dalvin Cook,MIN,45,
Tony Pollard,DAL,42,
Aaron Jones,GB,42,
Josh Jacobs,LV,41,
Miles Sanders,PHI,36,
Leonard Fournette,TB,35,
J.K. Dobbins,BAL,33,
Kareem Hunt,CLE,33,
Antonio Gibson,WAS,32,
AJ Dillon,GB,30,
Clyde Edwards-Helaire,KC,27,
Khalil Herbert,CHI,26,
David Montgomery,CHI,25,
Brian Robinson Jr.,WAS,24,
Rachaad White,TB,24,
James Conner,ARI,22,
James Cook,BUF,21,
James Robinson,NYJ,21,
Devin Singletary,BUF,21,
Ezekiel Elliott,DAL,20,
Michael Carter,NYJ,20,
Damien Harris,NE,17,
Cam Akers,LAR,15,
Alexander Mattison,MIN,13,
Isiah Pacheco,KC,13,
Jamaal Williams,DET,11,
D'Onta Foreman,CAR,10,
Chase Edmonds,MIA,10,
Tyler Allgeier,ATL,9,
Raheem Mostert,MIA,9,
Elijah Mitchell,SF,8,
Melvin Gordon III,DEN,8,
Darrell Henderson Jr.,LAR,8,
Kenneth Gainwell,PHI,7,
Zamir White,LV,7,
Gus Edwards,BAL,6,
Cordarrelle Patterson,ATL,6,
Jaylen Warren,PIT,6,
Rashaad Penny,SEA,5,
Isaiah Spiller,LAC,5,
Eno Benjamin,ARI,4,
Nyheim Hines,IND,4,
D'Ernest Johnson,CLE,3,
Jeff Wilson Jr.,SF,3,
Latavius Murray,DEN,3,
Tyrion Davis-Price,SF,2,
Chuba Hubbard,CAR,2,
Pierre Strong Jr.,NE,2,
Hassan Haskins,TEN,2,
J.D. McKissic,WAS,2,
Kenyan Drake,BAL,2,
Chris Evans,CIN,2,
Kyren Williams,LAR,2,
Darrel Williams,ARI,2,
Jerick McKinnon,KC,2,
Justice Hill,BAL,2,
Samaje Perine,CIN,2,
Matt Breida,NYG,2,
Trestan Ebner,CHI,2,
Dontrell Hilliard,TEN,2,
Joshua Kelley,LAC,2,
Rico Dowdle,DAL,2,
Sony Michel,LAC,2,
Craig Reynolds,DET,2,
Deon Jackson,IND,2,
Jerome Ford,CLE,2,
JaMycal Hasty,JAC,2,
Keaontay Ingram,ARI,2,
Mark Ingram II,NO,2,
Kevin Harris,NE,2,
Zack Moss,BUF,2,
Mike Boone,DEN,2,
Justin Jefferson,MIN,73,
Ja'Marr Chase,CIN,72,
A.J. Brown,PHI,70,
Cooper Kupp,LAR,69,
Jaylen Waddle,MIA,67,
Stefon Diggs,BUF,66,
Tyreek Hill,MIA,65,
CeeDee Lamb,DAL,63,
Amon-Ra St. Brown,DET,62,
Tee Higgins,CIN,60,
Davante Adams,LV,59,
DK Metcalf,SEA,58,
Chris Olave,NO,56,
Michael Pittman Jr.,IND,55,
Drake London,ATL,54,
Deebo Samuel,SF,52,
Chris Godwin,TB,51,
DeVonta Smith,PHI,50,
Garrett Wilson,NYJ,49,
DJ Moore,CAR,48,
DeAndre Hopkins,ARI,46,
Jameson Williams,DET,45,
Gabe Davis,BUF,44,
Diontae Johnson,PIT,43,
Terry McLaurin,WAS,42,
George Pickens,PIT,41,
Courtland Sutton,DEN,40,
Jahan Dotson,WAS,38,
Marquise Brown,ARI,37,
Christian Kirk,JAC,36,
Mike Evans,TB,35,
Rashod Bateman,BAL,34,
Jerry Jeudy,DEN,33,
Treylon Burks,TEN,32,
Brandon Aiyuk,SF,31,
Amari Cooper,CLE,30,
Mike Williams,LAC,29,
Jakobi Meyers,NE,29,
Tyler Lockett,SEA,28,
Skyy Moore,KC,27,
Keenan Allen,LAC,26,
JuJu Smith-Schuster,KC,25,
Chase Claypool,PIT,24,
Darnell Mooney,CHI,23,
Michael Thomas,NO,23,
Rondale Moore,ARI,22,
Brandin Cooks,HOU,21,
Hunter Renfrow,LV,20,
Christian Watson,GB,19,
Elijah Moore,NYJ,19,
Alec Pierce,IND,18,
Kadarius Toney,KC,17,
Romeo Doubs,GB,17,
Curtis Samuel,WAS,16,
Michael Gallup,DAL,15,
Allen Lazard,GB,15,
Tyler Boyd,CIN,14,
Wan'Dale Robinson,NYG,13,
Adam Thielen,MIN,13,
Allen Robinson II,LAR,12,
Tyquan Thornton,NE,12,
Joshua Palmer,LAC,11,
Nico Collins,HOU,11,
Khalil Shakir,BUF,10,
D.J. Chark Jr.,DET,10,
David Bell,CLE,9,
Calvin Ridley,ATL,9,
Jalen Tolbert,DAL,8,
Marquez Valdes-Scantling,KC,8,
Jarvis Landry,NO,8,
Isaiah McKenzie,BUF,7,
Terrace Marshall Jr.,CAR,7,
Odell Beckham Jr.,FA,6,
Donovan Peoples-Jones,CLE,6,
Robert Woods,TEN,6,
Kendrick Bourne,NE,5,
Parris Campbell,IND,5,
Corey Davis,NYJ,5,
Russell Gage,TB,5,
Calvin Austin III,PIT,4,
Velus Jones Jr.,CHI,4,
Mecole Hardman,KC,4,
K.J. Osborn,MIN,4,
Kyle Philips,TEN,3,
Van Jefferson,LAR,3,
Noah Brown,DAL,3,
Julio Jones,TB,3,
Marquez Callaway,NO,3,
DeVante Parker,NE,3,
K.J. Hamler,DEN,3,
Mack Hollins,LV,3,
Devin Duvernay,BAL,2,
Tim Patrick,DEN,2,
Jamison Crowder,BUF,2,
Tutu Atwell,LAR,2,
Robbie Anderson,ARI,2,
Sterling Shepard,NYG,2,
Kenny Golladay,NYG,2,
Marvin Jones Jr.,JAC,2,
Laviska Shenault Jr.,CAR,2,
Byron Pringle,CHI,2,
Ashton Dulin,IND,2,
Dyami Brown,WAS,2,
Josh Reynolds,DET,2,
Danny Gray,SF,2,
Denzel Mims,NYJ,2,
Tre'Quan Smith,NO,2,
N'Keal Harry,CHI,2,
Nelson Agholor,NE,2,
John Metchie III,HOU,2,
Dee Eskridge,SEA,2,
Cedrick Wilson Jr.,MIA,2,
Olamide Zaccheaus,ATL,2,
Darius Slayton,NYG,2,
Anthony Schwartz,CLE,2,
All Other WRs,,1,
Mark Andrews,BAL,65,
Kyle Pitts,ATL,59,
Travis Kelce,KC,49,
Dallas Goedert,PHI,38,
George Kittle,SF,36,
Pat Freiermuth,PIT,34,
T.J. Hockenson,DET,32,
David Njoku,CLE,30,
Zach Ertz,ARI,28,
Greg Dulcich,DEN,27,
Darren Waller,LV,25,
Tyler Higbee,LAR,23,
Dalton Schultz,DAL,22,
Gerald Everett,LAC,20,
Taysom Hill,NO,19,
Daniel Bellinger,NYG,17,
Mike Gesicki,MIA,16,
Trey McBride,ARI,15,
Cole Kmet,CHI,13,
Evan Engram,JAC,12,
Dawson Knox,BUF,11,
Noah Fant,SEA,10,
Irv Smith Jr.,MIN,9,
Isaiah Likely,BAL,8,
Robert Tonyan,GB,7,
Cade Otton,TB,7,
Hunter Henry,NE,6,
Jelani Woods,IND,5,
Hayden Hurst,CIN,5,
Tyler Conklin,NYJ,4,
Harrison Bryant,CLE,4,
Logan Thomas,WAS,3,
Foster Moreau,LV,3,
Hunter Long,MIA,3,
Jonnu Smith,NE,2,
Brevin Jordan,HOU,2,
Jeremy Ruckert,NYJ,2,
Albert Okwuegbunam,DEN,2,
Dan Arnold,JAC,2,
Will Dissly,SEA,2,
C.J. Uzomah,NYJ,2,
Juwan Johnson,NO,2,
Kylen Granson,IND,2,
Noah Gray,KC,2,
Mo Alie-Cox,IND,2,
Adam Trautman,NO,2,
All Other TEs,,1,