Player,Team,Trade Value,,,,
Josh Allen,BUF,38,,,,
Patrick Mahomes II,KC,36,,,,
Joe Burrow,CIN,33,,,,
Jalen Hurts,PHI,33,,,,
Justin Herbert,LAC,31,,,,
Justin Fields,CHI,27,,,,
Lamar Jackson,BAL,27,,,,
Trevor Lawrence,JAC,26,,,,
Dak Prescott,DAL,25,,,,
Deshaun Watson,CLE,22,,,,
Kyler Murray,ARI,21,,,,
Tua Tagovailoa,MIA,21,,,,
Trey Lance,SF,18,,,,
Kirk Cousins,MIN,16,,,,
Aaron Rodgers,GB,14,,,,
Jared Goff,DET,13,,,,
Daniel Jones,NYG,13,,,,
Geno Smith,SEA,13,,,,
Derek Carr,LV,13,,,,
Mac Jones,NE,10,,,,
Kenny Pickett,PIT,9,,,,
Matthew Stafford,LAR,7,,,,
Russell Wilson,DEN,7,,,,
Ryan Tannehill,TEN,6,,,,
Malik Willis,TEN,6,,,,
Tom Brady,TB,5,,,,
Jimmy Garoppolo,SF,4,,,,
Carson Wentz,WAS,4,,,,
Mike White,NYJ,2,,,,
Jameis Winston,NO,2,,,,
Sam Darnold,CAR,2,,,,
Desmond Ridder,ATL,2,,,,
Zach Wilson,NYJ,2,,,,
Baker Mayfield,LAR,2,,,,
Jordan Love,GB,2,,,,
Bailey Zappe,NE,2,,,,
Brock Purdy,SF,2,,,,
Jacoby Brissett,CLE,1,,,,
Andy Dalton,NO,1,,,,
Davis Mills,HOU,1,,,,
Marcus Mariota,ATL,1,,,,
Matt Ryan,IND,1,,,,
Gardner Minshew II,PHI,1,,,,
Jonathan Taylor,IND,73,,,,
Saquon Barkley,NYG,68,,,,
Kenneth Walker III,SEA,68,,,,
Christian McCaffrey,SF,66,,,,
Breece Hall,NYJ,64,,,,
Travis Etienne Jr.,JAC,64,,,,
Rhamondre Stevenson,NE,62,,,,
Josh Jacobs,LV,58,,,,
Nick Chubb,CLE,57,,,,
Austin Ekeler,LAC,55,,,,
Javonte Williams,DEN,55,,,,
Tony Pollard,DAL,54,,,,
Najee Harris,PIT,53,,,,
D'Andre Swift,DET,52,,,,
Derrick Henry,TEN,44,,,,
Joe Mixon,CIN,44,,,,
Dalvin Cook,MIN,43,,,,
J.K. Dobbins,BAL,39,,,,
Aaron Jones,GB,39,,,,
Miles Sanders,PHI,39,,,,
Dameon Pierce,HOU,38,,,,
Rachaad White,TB,35,,,,
Alvin Kamara,NO,33,,,,
Brian Robinson Jr.,WAS,32,,,,
Antonio Gibson,WAS,31,,,,
AJ Dillon,GB,31,,,,
Cam Akers,LAR,31,,,,
James Cook,BUF,27,,,,
Khalil Herbert,CHI,26,,,,
Kareem Hunt,CLE,26,,,,
James Conner,ARI,25,,,,
David Montgomery,CHI,25,,,,
Leonard Fournette,TB,23,,,,
Ezekiel Elliott,DAL,21,,,,
Isiah Pacheco,KC,21,,,,
Devin Singletary,BUF,19,,,,
Tyler Allgeier,ATL,18,,,,
Damien Harris,NE,15,,,,
Michael Carter,NYJ,13,,,,
Elijah Mitchell,SF,12,,,,
Alexander Mattison,MIN,12,,,,
Kenneth Gainwell,PHI,11,,,,
Jamaal Williams,DET,11,,,,
Jeff Wilson Jr.,MIA,10,,,,
D'Onta Foreman,CAR,10,,,,
Jaylen Warren,PIT,9,,,,
Clyde Edwards-Helaire,KC,8,,,,
Gus Edwards,BAL,8,,,,
Chuba Hubbard,CAR,8,,,,
Zonovan Knight,NYJ,8,,,,
Jerick McKinnon,KC,7,,,,
James Robinson,NYJ,5,,,,
Zamir White,LV,5,,,,
Rashaad Penny,SEA,4,,,,
Cordarrelle Patterson,ATL,4,,,,
Tyrion Davis-Price,SF,4,,,,
Pierre Strong Jr.,NE,4,,,,
Isaiah Spiller,LAC,3,,,,
Raheem Mostert,MIA,3,,,,
Kyren Williams,LAR,3,,,,
Latavius Murray,DEN,3,,,,
Joshua Kelley,LAC,3,,,,
Samaje Perine,CIN,3,,,,
Chase Edmonds,DEN,2,,,,
Nyheim Hines,BUF,2,,,,
D'Ernest Johnson,CLE,2,,,,
Hassan Haskins,TEN,2,,,,
Darrell Henderson Jr.,FA,2,,,,
Deon Jackson,IND,2,,,,
Keaontay Ingram,ARI,2,,,,
Eno Benjamin,NO,2,,,,
Melvin Gordon III,KC,2,,,,
Chris Evans,CIN,2,,,,
JaMycal Hasty,JAC,2,,,,
Kenyan Drake,BAL,2,,,,
Zack Moss,IND,2,,,,
J.D. McKissic,WAS,2,,,,
Jerome Ford,CLE,2,,,,
Kevin Harris,NE,2,,,,
Matt Breida,NYG,2,,,,
Dontrell Hilliard,TEN,2,,,,
Craig Reynolds,DET,2,,,,
Rico Dowdle,DAL,2,,,,
Justin Jackson,DET,2,,,,
Darrel Williams,ARI,2,,,,
Trestan Ebner,CHI,2,,,,
Marlon Mack,DEN,2,,,,
Boston Scott,PHI,2,,,,
Justin Jefferson,MIN,73,,,,
Ja'Marr Chase,CIN,72,,,,
CeeDee Lamb,DAL,70,,,,
A.J. Brown,PHI,69,,,,
Jaylen Waddle,MIA,67,,,,
Tyreek Hill,MIA,66,,,,
Amon-Ra St. Brown,DET,65,,,,
Stefon Diggs,BUF,63,,,,
Davante Adams,LV,62,,,,
Tee Higgins,CIN,60,,,,
Garrett Wilson,NYJ,59,,,,
Chris Olave,NO,58,,,,
DK Metcalf,SEA,56,,,,
Drake London,ATL,55,,,,
Cooper Kupp,LAR,54,,,,
DeVonta Smith,PHI,52,,,,
Christian Watson,GB,51,,,,
Michael Pittman Jr.,IND,50,,,,
Chris Godwin,TB,49,,,,
Jameson Williams,DET,48,,,,
Treylon Burks,TEN,46,,,,
Deebo Samuel,SF,45,,,,
Brandon Aiyuk,SF,44,,,,
Terry McLaurin,WAS,43,,,,
DJ Moore,CAR,42,,,,
Jahan Dotson,WAS,41,,,,
DeAndre Hopkins,ARI,40,,,,
George Pickens,PIT,38,,,,
Diontae Johnson,PIT,37,,,,
Christian Kirk,JAC,36,,,,
JuJu Smith-Schuster,KC,35,,,,
Jerry Jeudy,DEN,34,,,,
Courtland Sutton,DEN,33,,,,
Rashod Bateman,BAL,32,,,,
Marquise Brown,ARI,31,,,,
Amari Cooper,CLE,30,,,,
Mike Williams,LAC,29,,,,
Calvin Ridley,JAC,29,,,,
Darnell Mooney,CHI,28,,,,
Mike Evans,TB,27,,,,
Tyler Lockett,SEA,26,,,,
Keenan Allen,LAC,25,,,,
Kadarius Toney,KC,24,,,,
Gabe Davis,BUF,23,,,,
Rondale Moore,ARI,23,,,,
Skyy Moore,KC,22,,,,
Alec Pierce,IND,21,,,,
Elijah Moore,NYJ,20,,,,
Chase Claypool,CHI,19,,,,
Wan'Dale Robinson,NYG,19,,,,
Jakobi Meyers,NE,18,,,,
Donovan Peoples-Jones,CLE,17,,,,
Zay Jones,JAC,17,,,,
Joshua Palmer,LAC,16,,,,
Allen Lazard,GB,15,,,,
DJ Chark Jr.,DET,15,,,,
Terrace Marshall Jr.,CAR,14,,,,
Brandin Cooks,HOU,13,,,,
Nico Collins,HOU,13,,,,
Curtis Samuel,WAS,12,,,,
Tyquan Thornton,NE,12,,,,
Tyler Boyd,CIN,11,,,,
Romeo Doubs,GB,11,,,,
Michael Gallup,DAL,10,,,,
Adam Thielen,MIN,10,,,,
Parris Campbell,IND,9,,,,
Darius Slayton,NYG,9,,,,
Michael Thomas,NO,8,,,,
Khalil Shakir,BUF,8,,,,
Hunter Renfrow,LV,8,,,,
Russell Gage,TB,7,,,,
David Bell,CLE,7,,,,
Allen Robinson II,LAR,6,,,,
Calvin Austin III,PIT,6,,,,
Odell Beckham Jr.,FA,6,,,,
Isaiah McKenzie,BUF,5,,,,
Marquez Valdes-Scantling,KC,5,,,,
K.J. Osborn,MIN,5,,,,
Robert Woods,TEN,5,,,,
Mecole Hardman,KC,4,,,,
Corey Davis,NYJ,4,,,,
Van Jefferson,LAR,4,,,,
KJ Hamler,DEN,4,,,,
Quez Watkins,PHI,3,,,,
Jalen Tolbert,DAL,3,,,,
Olamide Zaccheaus,ATL,3,,,,
Noah Brown,DAL,3,,,,
Laviska Shenault Jr.,CAR,3,,,,
Julio Jones,TB,3,,,,
Ben Skowronek,LAR,3,,,,
Jarvis Landry,NO,3,,,,
DeVante Parker,NE,2,,,,
Kyle Philips,TEN,2,,,,
Jamison Crowder,BUF,2,,,,
Mack Hollins,LV,2,,,,
Velus Jones Jr.,CHI,2,,,,
Kenny Golladay,NYG,2,,,,
Justin Watson,KC,2,,,,
Byron Pringle,CHI,2,,,,
Tim Patrick,DEN,2,,,,
Sterling Shepard,NYG,2,,,,
Josh Reynolds,DET,2,,,,
John Metchie III,HOU,2,,,,
Nelson Agholor,NE,2,,,,
Kendrick Bourne,NE,2,,,,
Ashton Dulin,IND,2,,,,
Dyami Brown,WAS,2,,,,
Marquez Callaway,NO,2,,,,
Demarcus Robinson,BAL,2,,,,
Tutu Atwell,LAR,2,,,,
Marvin Jones Jr.,JAC,2,,,,
Braxton Berrios,NYJ,2,,,,
Jauan Jennings,SF,2,,,,
Equanimeous St. Brown,CHI,2,,,,
Mike Strachan,IND,2,,,,
Travis Kelce,KC,55,,,,
Kyle Pitts,ATL,53,,,,
Mark Andrews,BAL,49,,,,
T.J. Hockenson,MIN,38,,,,
Dallas Goedert,PHI,36,,,,
George Kittle,SF,34,,,,
Pat Freiermuth,PIT,32,,,,
David Njoku,CLE,30,,,,
Evan Engram,JAC,28,,,,
Greg Dulcich,DEN,27,,,,
Dalton Schultz,DAL,25,,,,
Cole Kmet,CHI,23,,,,
Darren Waller,LV,22,,,,
Gerald Everett,LAC,20,,,,
Tyler Higbee,LAR,19,,,,
Trey McBride,ARI,17,,,,
Cade Otton,TB,16,,,,
Jelani Woods,IND,15,,,,
Daniel Bellinger,NYG,13,,,,
Dawson Knox,BUF,12,,,,
Juwan Johnson,NO,11,,,,
Chigoziem Okonkwo,TEN,10,,,,
Isaiah Likely,BAL,9,,,,
Zach Ertz,ARI,8,,,,
Noah Fant,SEA,7,,,,
Hunter Henry,NE,7,,,,
Taysom Hill,NO,6,,,,
Mike Gesicki,MIA,5,,,,
Noah Gray,KC,5,,,,
Tyler Conklin,NYJ,4,,,,
Robert Tonyan,GB,4,,,,
Hayden Hurst,CIN,3,,,,
Irv Smith Jr.,MIN,3,,,,
Jake Ferguson,DAL,3,,,,
Logan Thomas,WAS,2,,,,
Charlie Kolar,BAL,2,,,,
Harrison Bryant,CLE,2,,,,
Kylen Granson,IND,2,,,,
Foster Moreau,LV,2,,,,
Jeremy Ruckert,NYJ,2,,,,
Jonnu Smith,NE,2,,,,
C.J. Uzomah,NYJ,2,,,,
Austin Hooper,TEN,2,,,,
Brevin Jordan,HOU,2,,,,
Hunter Long,MIA,2,,,,
James Mitchell,DET,2,,,,